patient_id,cluster
Betty_Ill_4901_2,3
ucl223ILL1,0
Betty_Ill_3822_2,2
Betty_Ill_5103_2,0
Betty_Ill_1045_2,1
Betty_Ill_4595_2,1
Betty_Ill_4763_2,1
Betty_Ill_4086_2,3
ucl208ILL1,1
ucl219ILL1,0
Betty_Ill_6721_2,3
Betty_Ill_195_2,1
ucl214ILL1,3
Betty_Ill_4867_2,0
Betty_Ill_468_2,2
Betty_Ill_531_2,1
Betty_Ill_6376_2,2
ucl222ILL1,1
ucl216ILL1,0
Betty_Ill_HS96_5750_2,1
ucl99ILL1,1
ucl207ILL1,2
ucl211ILL1,1
Betty_Ill_6377_2,0
ucl217ILL1,3
Betty_Ill_6375_2,2
Betty_Ill_441_2,0
BettyTsao_638,1
Betty_Ill_4629_2,2
ucl215ILL1,1
Betty_Ill_3982_2,1
ucl101ILL1,0
Betty_Ill_567_2,3
Betty_Ill_5385_2,0
Betty_Ill_4110_2,1
ucl212ILL1,3
Betty_Ill_2007_2,2
Betty_Ill_4420_2,0
Betty_Ill_499_2,2
Betty_Ill_126_2,2
ucl105ILL1,3
ucl103ILL1,1
Betty_Ill_19_2,3
Betty_Ill_5523_2,0
Betty_Ill_4381_2,1
Betty_Ill_6371_2,1
BettyTsao_3717,2
Betty_Ill_5448_2,1
41ILL1,1
Betty_Ill_4318_2,1
Betty_Ill_5845_2,3
Betty_Ill_4751_2,1
Betty_Ill_HS96_5660_2,2
Betty_Ill_886_2,1
Betty_Ill_5271_2,3
Betty_Ill_15_2,0
Betty_Ill_5381_2,0
Betty_Ill_1848_2,1
Betty_Ill_4338_2,0
ucl159ILL1,1
Betty_Ill_819_2,2
ucl29ILL1,1
Betty_Ill_789_2,1
Betty_Ill_1003_2,1
BettyTsao_300,1
ucl191ILL1,1
38ILL1,3
Betty_Ill_4413_2,0
Betty_Ill_4713_2,0
Betty_Ill_HS96_5874_2,0
Betty_Ill_4803_2,0
Betty_Ill_4613_2,0
153ILL1,0
Betty_Ill_877_2,1
Betty_Ill_933_2,3
Betty_Ill_6531_2,2
ucl137ILL1,1
Betty_Ill_4636_2,0
Betty_Ill_4401_2,0
ucl100ILL1,3
ucl186ILL1,3
Betty_Ill_4140_2,1
BettyTsao_4622,0
ucl30ILL1,1
201ILL1,3
Betty_Ill_5911_2,1
Betty_Ill_4757_2,0
Betty_Ill_2887_2,0
ucl133ILL1,0
73ILL1,1
BettyTsao_647,2
ucl210ILL1,1
ucl62ILL1,0
Betty_Ill_3850_2,0
Betty_Ill_5669_2,0
Betty_Ill_5459_2,1
ucl24ILL1,2
Betty_Ill_1395_2,2
Betty_Ill_6677_2,2
Betty_Ill_6532_2,0
Betty_Ill_6720_2,2
Betty_Ill_5075_2,1
Betty_Ill_4091_2,0
Betty_Ill_423_2,2
Betty_Ill_4010_2,1
ucl34ILL1,0
ucl47ILL1,1
ucl104ILL1,0
43ILL1,0
370ILL1,1
Betty_Ill_5536_2,2
Betty_Ill_5001_2,1
Betty_Ill_6389_2,1
ucl132ILL1,3
Betty_Ill_4611_2,3
Betty_Ill_5730_2,0
Betty_Ill_3896_2,3
Betty_Ill_4923_2,0
Betty_Ill_4686_2,2
BettyTsao_5869,0
Betty_Ill_435_2,3
34ILL1,1
Betty_Ill_5462_2,0
Betty_Ill_4845_2,0
Betty_Ill_152_2,0
Betty_Ill_6390_2,1
Betty_Ill_4922_2,3
ucl32ILL1,0
Betty_Ill_5408_2,0
Betty_Ill_3295_2,3
Betty_Ill_4769_2,0
ucl127ILL1,1
Betty_Ill_3047_2,1
Betty_Ill_4844_2,0
ucl125ILL1,1
ucl194ILL1,0
BettyTsao_1010,1
177190ILL1,1
Betty_Ill_1171_2,3
Betty_Ill_4754_2,2
ucl54ILL1,0
Betty_Ill_4011_2,0
Betty_Ill_4061_2,1
Betty_Ill_4891_2,1
ucl18ILL1,1
Betty_Ill_4094_2,0
177150ILL1,1
Betty_Ill_1880_2,2
Betty_Ill_1359_2,0
ucl53ILL1,0
85ILL1,1
ucl108ILL1,1
Betty_Ill_5376_2,0
110ILL1,1
Betty_Ill_5027_2,2
Betty_Ill_4667_2,2
BettyTsao_5011,0
Betty_Ill_5775_2,1
Betty_Ill_5416_2,0
385ILL1,1
270ILL1,1
Betty_Ill_3855_2,3
Betty_Ill_HS96_5060_2,0
Betty_Ill_6070_2,0
Betty_Ill_2033_2,0
ucl163ILL1,0
Betty_Ill_225_2,0
Betty_Ill_4009_2,2
Betty_Ill_5279_2,0
Betty_Ill_5350_2,3
Betty_Ill_3828_2,3
Betty_Ill_6372_2,0
ucl98ILL1,1
Betty_Ill_3258_2,3
BettyTsao_44,0
ucl89ILL1,1
Betty_Ill_383_2,0
BettyTsao_558,1
Betty_Ill_5309_2,3
ucl61ILL1,1
45742ILL1,0
179125ILL1,2
Betty_Ill_4419_2,2
Betty_Ill_417_2,0
Betty_Ill_747_2,2
150ILL1,1
Betty_Ill_4241_2,0
70ILL1,3
Betty_Ill_4014_2,1
ucl46ILL1,1
BettyTsao_5978,1
Betty_Ill_6353_2,1
ucl157ILL1,3
Betty_Ill_1202_2,0
Betty_Ill_4515_2,1
Betty_Ill_5013_2,3
ucl183ILL1,0
Betty_Ill_3960_2,3
87ILL1,1
ucl184ILL1,3
Betty_Ill_4145_2,3
ucl28ILL1,0
Betty_Ill_2875_2,0
BettyTsao_5203,0
Betty_Ill_212_2,1
Betty_Ill_4730_2,3
307ILL1,1
Betty_Ill_5269_2,3
Betty_Ill_6313_2,3
Betty_Ill_602_2,1
Betty_Ill_6529_2,2
Betty_Ill_HS96_5297_2,0
Betty_Ill_5365_2,1
Betty_Ill_509_2,3
Betty_Ill_3992_2,0
Betty_Ill_927_2,3
Betty_Ill_5186_2,2
Betty_Ill_1026_2,2
BettyTsao_5835,1
Betty_Ill_5520_2,0
BettyTsao_5944,3
Betty_Ill_6099_2,0
ucl123ILL1,1
Betty_Ill_146_2,0
Betty_Ill_HS96_4169_2,0
ucl95ILL1,3
27ILL1,2
Betty_Ill_4358_2,0
Betty_Ill_373_2,2
ucl162ILL1,0
Betty_Ill_1881_2,2
ucl188ILL1,0
BettyTsao_1095,1
ucl56ILL1,0
Betty_Ill_4719_2,1
Betty_Ill_991_2,1
Betty_Ill_HS96_5465_2,0
ucl88ILL1,1
Betty_Ill_579_2,3
Betty_Ill_793_2,2
Betty_Ill_6374_2,0
165213ILL1,3
Betty_Ill_6271_2,0
Betty_Ill_HS96_6272_2,3
176292ILL1,1
177116ILL1,1
ucl26ILL1,0
BettyTsao_5647,1
ucl87ILL1,3
173005ILL1,2
Betty_Ill_5012_2,0
Betty_Ill_5261_2,0
Betty_Ill_5792_2,0
ucl55ILL1,0
Betty_Ill_903_2,1
15ILL1,3
Betty_Ill_HS96_4660_2,1
Betty_Ill_HS96_4182_2,3
Betty_Ill_5131_2,0
17ILL1,2
Betty_Ill_4004_2,0
175506ILL1,0
ucl134ILL1,3
Betty_Ill_3899_2,2
Betty_Ill_4323_2,2
ucl94ILL1,0
157638ILL1,2
Betty_Ill_4042_2,1
Betty_Ill_3873_2,0
ucl50ILL1,1
Betty_Ill_1570_2,1
Betty_Ill_5324_2,1
Betty_Ill_6287_2,2
175575ILL1,1
ucl25ILL1,3
ucl72ILL1,1
Betty_Ill_5252_2,0
Betty_Ill_4032_2,1
Betty_Ill_454_2,0
Betty_Ill_5007_2,0
ucl45ILL1,1
ucl110ILL1,1
Betty_Ill_748_2,0
283ILL1,1
45828ILL1,0
ucl144ILL1,1
Betty_Ill_4029_2,0
Betty_Ill_5662_2,0
242ILL1,0
Betty_Ill_1915_2,2
Betty_Ill_3964_2,2
Betty_Ill_6538_2,1
BettyTsao_527,3
Betty_Ill_3037_2,2
Betty_Ill_5502_2,0
BettyTsao_669,3
SLECC-5ILL1,3
Betty_Ill_6607_2,0
175505ILL1,2
ucl102ILL1,1
Betty_Ill_5044_2,3
Betty_Ill_2602_2,0
ucl36ILL1,1
BettyTsao_4081,0
17088ILL1,1
ucl70ILL1,1
Betty_Ill_3633_2,2
Betty_Ill_4725_2,1
BettyTsao_3868,1
Betty_Ill_3025_2,1
Betty_Ill_HS96_5594_2,1
Betty_Ill_5657_2,2
Betty_Ill_2755_2,3
BettyTsao_6047,1
175507ILL1,3
Betty_Ill_6068_2,1
45568ILL1,1
52ILL1,1
ucl86ILL1,3
17134ILL1,1
Betty_Ill_6753_2,3
Betty_Ill_6608_2,1
Betty_Ill_4001_2,1
16950ILL1,3
ucl52ILL1,1
Betty_Ill_6032_2,1
157649ILL1,2
Betty_Ill_884_2,2
ucl33ILL1,0
Betty_Ill_6441_2,1
ucl97ILL1,2
Betty_Ill_124_2,0
Betty_Ill_1233_2,0
Betty_Ill_5760_2,2
Betty_Ill_554_2,1
Betty_Ill_3991_2,2
Betty_Ill_6095_2,0
BettyTsao_466,3
Betty_Ill_5573_2,2
139ILL1,1
Betty_Ill_6297_2,0
ucl115ILL1,3
Betty_Ill_555_2,0
Betty_Ill_1176_2,0
Betty_Ill_6315_2,0
Betty_Ill_5173_2,0
ucl22ILL1,2
ucl67ILL1,1
ucl27ILL1,1
Betty_Ill_1177_2,0
ucl39ILL1,3
BettyTsao_4750,3
Betty_Ill_894_2,1
45ILL1,1
BettyTsao_31,0
Betty_Ill_1169_2,2
Betty_Ill_4366_2,2
Betty_Ill_HS96_4775_2,1
Betty_Ill_4331_2,0
Betty_Ill_5988_2,1
Betty_Ill_3005_2,0
Betty_Ill_HS96_4137_2,0
Betty_Ill_5758_2,1
ucl131ILL1,0
Betty_Ill_HS96_5085_2,1
Betty_Ill_5773_2,1
ucl124ILL1,0
Betty_Ill_6052_2,3
Betty_Ill_5045_2,3
Betty_Ill_5283_2,1
Betty_Ill_7145_2,3
ucl190ILL1,3
179934ILL1,2
BettyTsao_5755,1
Betty_Ill_5267_2,2
Betty_Ill_6370_2,0
Betty_Ill_618_2,2
ucl11ILL1,0
BettyTsao_238,1
Betty_Ill_6002_2,1
Betty_Ill_535_2,2
Betty_Ill_209_2,1
ucl23ILL1,3
BettyTsao_154,3
9ILL1,1
BettyTsao_413,0
17971ILL1,2
BettyTsao_5827,1
Betty_Ill_5031_2,0
ucl16ILL1,1
BettyTsao_227,1
16796ILL1,3
Betty_Ill_829_2,3
17086ILL1,1
BettyTsao_392,3
BettyTsao_4493,1
ucl119ILL1,1
45785ILL1,0
Betty_Ill_HS96_4392_2,1
BettyTsao_896,1
Betty_Ill_1127_2,1
450ILL1,0
BettyTsao_513,0
Betty_Ill_1531_2,2
Betty_Ill_1354_2,1
Betty_Ill_4168_2,0
BettyTsao_5853,2
BettyTsao_478,0
BettyTsao_4506,1
Betty_Ill_7150_2,1
ucl64ILL1,2
BettyTsao_4021,3
Betty_Ill_5742_2,2
Betty_Ill_3895_2,2
BettyTsao_4954,0
175574ILL1,1
18520ILL1,1
Betty_Ill_HS96_5054_2,0
ucl75ILL1,1
ucl96ILL1,1
Betty_Ill_HS96_5033_2,1
45556ILL1,3
179478ILL1,0
ucl113ILL1,3
157646ILL1,2
586ILL1,1
2553ILL1,1
ucl90ILL1,2
ucl21ILL1,1
ucl118ILL1,0
Betty_Ill_883_2,2
Betty_Ill_6597_2,3
Betty_Ill_1084_2,0
Betty_Ill_HS96_4811_2,0
ucl120ILL1,1
BettyTsao_3756,1
BettyTsao_657,1
Betty_Ill_659_2,1
Betty_Ill_625_2,0
ucl49ILL1,2
Betty_Ill_2001_2,2
BettyTsao_4740,0
Betty_Ill_305_2,1
BettyTsao_5894,1
ucl93ILL1,1
BettyTsao_6033,0
Betty_Ill_6368_2,1
BettyTsao_139,1
ucl80ILL1,0
Betty_Ill_HS96_4687_2,1
BettyTsao_5826,2
Betty_Ill_1108_2,3
BettyTsao_5277,3
ucl57ILL1,0
ucl66ILL1,1
Betty_Ill_963_2,0
ucl129ILL1,3
41059,3
Betty_Ill_4715_2,2
BettyTsao_5877,2
ucl107ILL1,0
Betty_Ill_450_2,2
Betty_Ill_3050_2,1
Betty_Ill_3049_2,1
Betty_Ill_6049_2,2
Betty_Ill_6438_2,1
BettyTsao_6054,3
36432,1
Betty_Ill_6445_2,0
BettyTsao_5852,2
Betty_Ill_6312_2,1
ucl74ILL1,0
BettyTsao_6519,1
ucl84ILL1,1
21675ILL1,3
Betty_Ill_HS96_5107_2,0
Betty_Ill_1780_2,3
ucl48ILL1,0
Betty_Ill_4735_2,0
ucl31ILL1,2
Betty_Ill_1929_2,1
BettyTsao_6101,3
Betty_Ill_6416_2,1
Betty_Ill_985_2,0
BettyTsao_6053,0
BettyTsao_5965,2
131ILL1,1
Betty_Ill_987_2,0
BettyTsao_1137,3
ucl73ILL1,0
ucl79ILL1,2
BettyTsao_5377,3
Betty_Ill_6057_2,0
ucl35ILL1,1
ucl14ILL1,0
168ILL1,0
BettyTsao_662,3
ucl38ILL1,3
2512ILL1,2
336ILL1,0
222ILL1,1
Betty_Ill_HS96_4832_2,3
BettyTsao_122,1
Betty_Ill_5784_2,0
BettyTsao_5868,1
BettyTsao_5907,1
2497ILL1,0
Betty_Ill_4984_2,3
2824ILL1,1
24895ILL1,2
373ILL1,1
ucl10ILL1,0
BettyTsao_5522,3
BettyTsao_5258,1
BettyTsao_143,0
BettyTsao_5274,2
BettyTsao_3968,0
Betty_Ill_5182_2,1
BettyTsao_5898,1
SLE-5063ILL1,3
SLE-5178ILL1,1
BettyTsao_699,1
180289ILL1,2
SLE-5137ILL1,0
BettyTsao_5985,0
Betty_Ill_HS96_3014_2,2
Betty_Ill_6051_2,3
Betty_Ill_159_2,3
Betty_Ill_6058_2,0
BettyTsao_5919,1
215ILL1,3
55062,1
209ILL1,3
17025ILL1,0
62426,3
43310,0
45743ILL1,1
39060,2
SLE-5106ILL1,1
40162,2
SLE-5156ILL1,0
37689,0
51360,1
321ILL1,1
SLE-5153ILL1,3
31353,1
2455ILL1,3
34546,3
SLETT-3ILL1,1
25048ILL1,2
68847,1
47882,3
56104,3
70322,2
18995,0
43434,0
71652,2
34903,3
34666,2
16820,3
Betty_Ill_6317_2,1
Betty_Ill_3007_2,1
41752,0
41060,0
54086,0
39662,0
2548ILL1,0
89752,2
1429,1
54687,0
53091,1
697-1,0
Betty_Ill_3072_2,1
32816,2
44119,1
40026,3
48523,1
41110,1
156,3
26782,1
47229,1
4,1
32588,1
33287,3
291,3
162,0
26663,1
Betty_Ill_2024_2,1
14947,3
62070,3
13473,1
99,3
42856,2
105,1
41936,0
49868,1
Betty_Ill_5171_2,0
42383,0
21560,1
47526,1
54708,2
56105,0
66297,0
87483,3
55355,0
39688,3
42335,1
39881,0
61998,1
41171,1
41378,3
61129,3
11958,0
137,3
30813,0
39898,0
64514,2
286,1
22501,0
471,3
1556,0
703-1,1
30146,0
682-1,3
54053,1
64513,1
1624,3
28289,3
80259,1
285,1
57739,1
1561,3
686-1,3
40007,0
